{
  "copia": {
    "precision": 1.0,
    "recall": 1.0,
    "f1-score": 1.0,
    "support": 1
  },
  "hora": {
    "precision": 1.0,
    "recall": 1.0,
    "f1-score": 1.0,
    "support": 33
  },
  "financiacion": {
    "precision": 1.0,
    "recall": 1.0,
    "f1-score": 1.0,
    "support": 23
  },
  "numero_cuenta": {
    "precision": 1.0,
    "recall": 0.9615384615384616,
    "f1-score": 0.9803921568627451,
    "support": 26
  },
  "costo": {
    "precision": 1.0,
    "recall": 0.8125,
    "f1-score": 0.896551724137931,
    "support": 16
  },
  "pqr": {
    "precision": 1.0,
    "recall": 1.0,
    "f1-score": 1.0,
    "support": 7
  },
  "pago": {
    "precision": 1.0,
    "recall": 1.0,
    "f1-score": 1.0,
    "support": 7
  },
  "ubicacion": {
    "precision": 1.0,
    "recall": 1.0,
    "f1-score": 1.0,
    "support": 74
  },
  "periodo": {
    "precision": 1.0,
    "recall": 0.6666666666666666,
    "f1-score": 0.8,
    "support": 18
  },
  "micro avg": {
    "precision": 1.0,
    "recall": 0.9512195121951219,
    "f1-score": 0.975,
    "support": 205
  },
  "macro avg": {
    "precision": 1.0,
    "recall": 0.9378561253561253,
    "f1-score": 0.9641048756667419,
    "support": 205
  },
  "weighted avg": {
    "precision": 1.0,
    "recall": 0.9512195121951219,
    "f1-score": 0.9718781642177475,
    "support": 205
  }
}